ConfBucket,Games,Correct,HitRate,AvgProb
50-59,665,350,52.63157894736842,55.17540814301686
60-69,632,432,68.35443037974683,64.83959643027988
70-79,362,283,78.1767955801105,73.16151831876287
80-89,245,206,84.08163265306122,86.9957554873155
90-100,410,409,99.7560975609756,94.77701555326678
